INSERT INTO categoria VALUES ('Barras Energeticas');
INSERT INTO categoria VALUES ('Sopas Take-Away');
INSERT INTO categoria VALUES ('Refrigerante');
INSERT INTO categoria VALUES ('Bebida');
INSERT INTO categoria VALUES ('Comida');
INSERT INTO super_categoria VALUES ('Bebida');
INSERT INTO super_categoria VALUES ('Comida');
INSERT INTO categoria_simples VALUES ('Barras Energeticas');
INSERT INTO categoria_simples VALUES ('Sopas Take-Away');
INSERT INTO categoria_simples VALUES ('Refrigerante');
INSERT INTO produto VALUES ('2748425344955', 'Agua');
INSERT INTO produto VALUES ('8379292605586', 'Sumo');
INSERT INTO produto VALUES ('8434695344613', 'Pastilha');
INSERT INTO produto VALUES ('3298630330148', 'Pao');
INSERT INTO produto VALUES ('6498529522754', 'Oreo');
INSERT INTO produto VALUES ('7925779661968', 'Bolacha');
INSERT INTO retalhista VALUES ('1', 'Joao Barroso');
INSERT INTO retalhista VALUES ('2', 'Andre Martins');
INSERT INTO retalhista VALUES ('3', 'Carolina Ferreira');
INSERT INTO retalhista VALUES ('4', 'Manuel Lopes');
INSERT INTO retalhista VALUES ('5', 'Pedro Silva');
INSERT INTO retalhista VALUES ('6', 'Bernardo Soares');
INSERT INTO ivm VALUES ('BGxxZkoC', 'Continente');
INSERT INTO ivm VALUES ('qE5EmNJw', 'Pingo Doce');
INSERT INTO ivm VALUES ('RmEkFWhc', 'Lidl');
INSERT INTO ivm VALUES ('tQgohatj', 'Aldi');
INSERT INTO prateleira VALUES ('1', 'BGxxZkoC', 'Continente', '10', 'Barras Energeticas');
INSERT INTO prateleira VALUES ('2', 'BGxxZkoC', 'Continente', '15', 'Sopas Take-Away');
INSERT INTO prateleira VALUES ('3', 'BGxxZkoC', 'Continente', '12', 'Refrigerante');
INSERT INTO prateleira VALUES ('4', 'BGxxZkoC', 'Continente', '20', 'Bebida');
INSERT INTO prateleira VALUES ('5', 'BGxxZkoC', 'Continente', '18', 'Comida');
INSERT INTO prateleira VALUES ('1', 'qE5EmNJw', 'Pingo Doce', '10', 'Barras Energeticas');
INSERT INTO prateleira VALUES ('2', 'qE5EmNJw', 'Pingo Doce', '12', 'Sopas Take-Away');
INSERT INTO prateleira VALUES ('3', 'qE5EmNJw', 'Pingo Doce', '15', 'Refrigerante');
INSERT INTO prateleira VALUES ('4', 'qE5EmNJw', 'Pingo Doce', '20', 'Bebida');
INSERT INTO prateleira VALUES ('5', 'qE5EmNJw', 'Pingo Doce', '18', 'Comida');
INSERT INTO prateleira VALUES ('1', 'RmEkFWhc', 'Lidl', '18', 'Barras Energeticas');
INSERT INTO prateleira VALUES ('2', 'RmEkFWhc', 'Lidl', '12', 'Sopas Take-Away');
INSERT INTO prateleira VALUES ('3', 'RmEkFWhc', 'Lidl', '5', 'Comida');
INSERT INTO prateleira VALUES ('4', 'RmEkFWhc', 'Lidl', '10', 'Bebida');
INSERT INTO prateleira VALUES ('5', 'RmEkFWhc', 'Lidl', '17', 'Refrigerante');
INSERT INTO prateleira VALUES ('1', 'tQgohatj', 'Aldi', '12', 'Barras Energeticas');
INSERT INTO prateleira VALUES ('2', 'tQgohatj', 'Aldi', '5', 'Sopas Take-Away');
INSERT INTO prateleira VALUES ('3', 'tQgohatj', 'Aldi', '10', 'Bebida');
INSERT INTO prateleira VALUES ('4', 'tQgohatj', 'Aldi', '12', 'Comida');
INSERT INTO prateleira VALUES ('5', 'tQgohatj', 'Aldi', '13', 'Refrigerante');
INSERT INTO ponto_de_retalho VALUES ('Galp - Oeiras', 'Lisboa', 'Oeiras');
INSERT INTO ponto_de_retalho VALUES ('Pingo Doce - Cascais', 'Lisboa', 'Cascais');
INSERT INTO ponto_de_retalho VALUES ('CascaisShopping', 'Lisboa', 'Cascais');
INSERT INTO ponto_de_retalho VALUES ('AlgarveShopping', 'Algarve', 'Portimão');
INSERT INTO planograma VALUES ('2748425344955', '4', 'BGxxZkoC', 'Continente', '2', '10', '4');
INSERT INTO planograma VALUES ('8379292605586', '4', 'BGxxZkoC', 'Continente', '4', '20', '5');
INSERT INTO instalada_em VALUES ('BGxxZkoC', 'Continente', 'Galp - Oeiras');
INSERT INTO instalada_em VALUES ('qE5EmNJw', 'Pingo Doce', 'Pingo Doce - Cascais');
INSERT INTO instalada_em VALUES ('RmEkFWhc', 'Lidl', 'CascaisShopping');
INSERT INTO instalada_em VALUES ('tQgohatj', 'Aldi', 'AlgarveShopping');
INSERT INTO tem_categoria VALUES ('2748425344955', 'Bebida');
INSERT INTO tem_categoria VALUES ('8379292605586', 'Refrigerante');
INSERT INTO tem_categoria VALUES ('8379292605586', 'Bebida');
INSERT INTO tem_categoria VALUES ('3298630330148', 'Comida');
INSERT INTO tem_categoria VALUES ('6498529522754', 'Comida');
INSERT INTO tem_categoria VALUES ('7925779661968', 'Comida');
INSERT INTO tem_categoria VALUES ('8434695344613', 'Comida');
INSERT INTO tem_outra VALUES ('Comida', 'Barras Energeticas');
INSERT INTO tem_outra VALUES ('Comida', 'Sopas Take-Away');
INSERT INTO tem_outra VALUES ('Bebida', 'Refrigerante');
INSERT INTO evento_reposicao VALUES ('2748425344955', '4', 'BGxxZkoC', 'Continente', '2020-12-01 12:43:01', '2', '3');
INSERT INTO evento_reposicao VALUES ('8379292605586', '4', 'BGxxZkoC', 'Continente', '2020-12-04 21:21:10', '3', '4');
INSERT INTO responsavel_por VALUES ('Barras Energeticas', '1', 'BGxxZkoC', 'Continente');
INSERT INTO responsavel_por VALUES ('Sopas Take-Away', '1', 'BGxxZkoC', 'Continente');
INSERT INTO responsavel_por VALUES ('Refrigerante', '3', 'BGxxZkoC', 'Continente');
INSERT INTO responsavel_por VALUES ('Bebida', '5', 'BGxxZkoC', 'Continente');
INSERT INTO responsavel_por VALUES ('Comida', '2', 'BGxxZkoC', 'Continente');
INSERT INTO responsavel_por VALUES ('Barras Energeticas', '1', 'qE5EmNJw', 'Pingo Doce');
INSERT INTO responsavel_por VALUES ('Bebida', '5', 'qE5EmNJw', 'Pingo Doce');
INSERT INTO responsavel_por VALUES ('Sopas Take-Away', '2', 'qE5EmNJw', 'Pingo Doce');
INSERT INTO responsavel_por VALUES ('Refrigerante', '4', 'qE5EmNJw', 'Pingo Doce');
INSERT INTO responsavel_por VALUES ('Comida', '3', 'qE5EmNJw', 'Pingo Doce');
INSERT INTO responsavel_por VALUES ('Comida', '1', 'RmEkFWhc', 'Lidl');
INSERT INTO responsavel_por VALUES ('Bebida', '2', 'RmEkFWhc', 'Lidl');
INSERT INTO responsavel_por VALUES ('Sopas Take-Away', '3', 'RmEkFWhc', 'Lidl');
INSERT INTO responsavel_por VALUES ('Refrigerante', '4', 'RmEkFWhc', 'Lidl');
INSERT INTO responsavel_por VALUES ('Barras Energeticas', '5', 'RmEkFWhc', 'Lidl');
INSERT INTO responsavel_por VALUES ('Comida', '1', 'tQgohatj', 'Aldi');
INSERT INTO responsavel_por VALUES ('Bebida', '3', 'tQgohatj', 'Aldi');
INSERT INTO responsavel_por VALUES ('Sopas Take-Away', '2', 'tQgohatj', 'Aldi');
INSERT INTO responsavel_por VALUES ('Refrigerante', '4', 'tQgohatj', 'Aldi');
INSERT INTO responsavel_por VALUES ('Barras Energeticas', '5', 'tQgohatj', 'Aldi');
